country,year,iso_code,population,gdp,carbon_intensity_elec,renewables_share_elec,fossil_share_elec,nuclear_share_elec,hydro_share_elec,wind_share_elec,solar_share_elec,electricity_demand_per_capita,energy_per_capita,gdp_per_capita,carbon_intensity_elec_iqr_outlier,electricity_demand_per_capita_iqr_outlier,energy_per_capita_iqr_outlier,gdp_per_capita_iqr_outlier,renewables_quartile,dominant_mix
Afghanistan,2022,AFG,40578801.0,53303472128.0,125.0,86.458,13.542,0.0,77.083,0.0,9.375,168.561,1111.574,1313.5792782048932,False,False,False,False,Q4: najwyższy,OZE
Albania,2022,ALB,2827562.0,36171005952.0,24.39,100.0,0.0,0.0,97.704,0.0,2.296,2790.39,9147.373,12792.294546326482,False,False,False,False,Q4: najwyższy,OZE
Algeria,2022,DZA,45477339.0,595820019712.0,633.65,0.94,99.06,0.0,0.022,0.011,0.907,1954.82,16145.355,13101.47059642166,False,False,False,False,Q1: najniższy,Paliwa kopalne
American Samoa,2022,ASM,48322.0,,611.111,5.556,94.444,0.0,0.0,0.0,5.556,3725.011,32868.645,,False,False,False,False,Q1: najniższy,Paliwa kopalne
Angola,2022,AGO,35634984.0,158346248192.0,172.155,75.563,24.437,0.0,73.021,0.0,2.253,485.759,2713.828,4443.561646947842,False,False,False,False,Q4: najwyższy,OZE
Antarctica,2022,ATA,,,,,,,,,,,,,False,False,False,False,,
Antigua and Barbuda,2022,ATG,92804.0,,611.111,5.556,94.444,0.0,0.0,0.0,5.556,3879.143,32912.699,,False,False,False,False,Q1: najniższy,Paliwa kopalne
Argentina,2022,ARG,45407866.0,854914301952.0,392.872,28.993,65.877,5.13,15.637,9.724,2.019,3490.585,22049.957,18827.449454506408,False,False,False,False,Q3,Paliwa kopalne
Armenia,2022,ARM,2880829.0,39721734144.0,240.891,34.109,39.271,26.619,28.846,0.0,5.263,2926.241,17722.605,13788.299876181474,False,False,False,False,Q3,Paliwa kopalne
Aruba,2022,ABW,107746.0,,550.0,17.0,83.0,0.0,0.0,14.0,3.0,9281.087,45846.684,,False,False,False,False,Q2,Paliwa kopalne
Australia,2022,AUS,26200929.0,1344251494400.0,577.862,32.039,67.961,0.0,6.104,11.011,13.755,10416.425,63386.676,51305.48975572584,False,False,False,False,Q3,Paliwa kopalne
Austria,2022,AUT,9064633.0,398815395840.0,141.063,78.158,21.842,0.0,53.682,11.239,5.86,8076.444,42122.316,43996.860748802515,False,False,False,False,Q4: najwyższy,OZE
Azerbaijan,2022,AZE,10295256.0,175370551296.0,671.389,6.358,93.642,0.0,5.529,0.276,0.207,2533.206,20425.553,17034.11273075677,False,False,False,False,Q1: najniższy,Paliwa kopalne
Bahamas,2022,BHS,397492.0,,653.659,0.976,99.024,0.0,0.0,0.0,0.976,5157.336,31188.93,,False,False,False,False,Q1: najniższy,Paliwa kopalne
Bahrain,2022,BHR,1533408.0,58769760256.0,902.747,0.224,99.776,0.0,0.0,0.0,0.224,23287.996,161788.438,38326.238193618396,False,True,True,False,Q1: najniższy,Paliwa kopalne
Bangladesh,2022,BGD,169384838.0,858143916032.0,676.479,1.555,98.445,0.0,0.694,0.01,0.851,649.173,3023.729,5066.238077530883,False,False,False,False,Q1: najniższy,Paliwa kopalne
Barbados,2022,BRB,282268.0,3408005888.0,605.505,7.339,92.661,0.0,0.0,0.0,7.339,3861.578,19863.086,12073.653010614027,False,False,False,False,Q1: najniższy,Paliwa kopalne
Belarus,2022,BLR,9173190.0,175773810688.0,439.215,3.389,84.024,12.587,0.995,0.484,0.565,3976.806,33087.09,19161.68864789675,False,False,False,False,Q1: najniższy,Paliwa kopalne
Belgium,2022,BEL,11641759.0,489678405632.0,139.404,25.898,27.584,46.518,0.286,13.092,7.294,7455.918,59651.887,42062.23523713212,False,False,False,False,Q2,Energia jądrowa
Belize,2022,BLZ,402691.0,,170.213,87.234,12.766,0.0,51.064,0.0,2.128,1862.47,9351.043,,False,False,False,False,Q4: najwyższy,OZE
Benin,2022,BEN,13759458.0,33290362880.0,595.96,2.02,97.98,0.0,0.0,0.0,2.02,132.273,1841.336,2419.4530685729046,False,False,False,False,Q1: najniższy,Paliwa kopalne
Bermuda,2022,BMU,64734.0,,650.794,1.587,98.413,0.0,0.0,0.0,0.0,9732.135,36472.078,,False,False,False,False,Q1: najniższy,Paliwa kopalne
Bhutan,2022,BTN,780868.0,,24.141,100.0,0.0,0.0,100.0,0.0,0.0,14855.264,20152.834,,False,True,False,False,Q4: najwyższy,OZE
Bolivia,2022,BOL,12077101.0,78165311488.0,485.861,35.733,64.267,0.0,24.422,3.77,2.999,966.292,8554.615,6472.19158703732,False,False,False,False,Q3,Paliwa kopalne
Bosnia and Herzegovina,2022,BIH,3204770.0,47069138944.0,683.18,32.049,67.951,0.0,28.807,2.385,0.673,5101.771,28264.455,14687.212793429793,False,False,False,False,Q3,Paliwa kopalne
Botswana,2022,BWA,2439843.0,39293968384.0,847.656,0.391,99.609,0.0,0.0,0.0,0.391,1787.0,12002.321,16105.121675452068,False,False,False,False,Q1: najniższy,Paliwa kopalne
Brazil,2022,BRA,210306358.0,3187413090304.0,103.327,87.703,10.147,2.15,63.073,12.055,4.449,3281.308,17744.197,15156.047209490453,False,False,False,False,Q4: najwyższy,OZE
British Virgin Islands,2022,VGB,38298.0,,647.059,0.0,100.0,0.0,0.0,0.0,0.0,4438.874,20278.58,,False,False,False,False,Q1: najniższy,Paliwa kopalne
Brunei,2022,BRN,455326.0,,892.857,0.0,100.0,0.0,0.0,0.0,0.0,12298.88,117683.32,,False,False,True,False,Q1: najniższy,Paliwa kopalne
Bulgaria,2022,BGR,6825817.0,138390159360.0,476.333,19.153,48.111,32.737,7.558,2.983,4.157,5580.284,33606.266,20274.519425293704,False,False,False,False,Q2,Paliwa kopalne
Burkina Faso,2022,BFA,22508995.0,37320441856.0,568.047,15.385,84.615,0.0,4.734,0.0,5.325,141.277,1011.842,1658.0234637752596,False,False,False,False,Q2,Paliwa kopalne
Burundi,2022,BDI,13321056.0,9177076736.0,230.769,69.231,30.769,0.0,66.667,0.0,0.0,36.784,273.356,688.9151082316597,False,False,False,False,Q4: najwyższy,OZE
Cambodia,2022,KHM,17201662.0,65136594944.0,305.164,64.789,35.211,0.0,57.84,0.0,6.854,898.169,3826.679,3786.6454383303194,False,False,False,False,Q4: najwyższy,OZE
Cameroon,2022,CMR,27632723.0,82727796736.0,280.982,64.908,35.092,0.0,64.172,0.0,0.245,294.94,1320.115,2993.8344019154392,False,False,False,False,Q4: najwyższy,OZE
Canada,2022,CAN,38821209.0,1761295597568.0,156.795,68.636,18.217,13.147,60.358,5.824,1.07,15657.421,102122.555,45369.4164333728,False,True,True,False,Q4: najwyższy,OZE
Cape Verde,2022,CPV,519694.0,4251154688.0,480.0,28.0,72.0,0.0,0.0,14.0,14.0,962.105,5741.007,8180.111157719735,False,False,False,False,Q3,Paliwa kopalne
Cayman Islands,2022,CYM,71558.0,,642.857,2.857,97.143,0.0,0.0,0.0,2.857,9782.274,43494.582,,False,False,False,False,Q1: najniższy,Paliwa kopalne
Central African Republic,2022,CAF,5097987.0,3752056576.0,0.0,100.0,0.0,0.0,100.0,0.0,0.0,27.462,275.474,735.9878665834182,False,False,False,False,Q4: najwyższy,OZE
Chad,2022,TCD,18455270.0,24118011904.0,615.385,5.128,94.872,0.0,0.0,2.564,0.0,21.132,448.07,1306.8360367526457,False,False,False,False,Q1: najniższy,Paliwa kopalne
Chile,2022,CHL,19552984.0,448338100224.0,372.803,55.327,44.673,0.0,22.715,9.754,17.256,4656.067,25750.818,22929.395340578194,False,False,False,False,Q3,OZE
China,2022,CHN,1425179509.0,26966017179648.0,586.7,30.181,65.098,4.721,14.67,8.619,4.829,6199.752,31235.709,18921.137308919868,False,False,False,False,Q3,Paliwa kopalne
Colombia,2022,COL,51737891.0,742716997632.0,202.148,74.354,25.646,0.0,70.879,0.084,0.76,1609.845,12123.163,14355.378297735406,False,False,False,False,Q4: najwyższy,OZE
Comoros,2022,COM,834135.0,1682077056.0,642.857,0.0,100.0,0.0,0.0,0.0,0.0,167.839,2068.318,2016.5525436530058,False,False,False,False,Q1: najniższy,Paliwa kopalne
Congo,2022,COG,6035057.0,23679010816.0,709.35,21.341,78.659,0.0,21.341,0.0,0.0,815.237,2162.79,3923.576996207327,False,False,False,False,Q2,Paliwa kopalne
Cook Islands,2022,COK,14706.0,,250.0,50.0,50.0,0.0,0.0,0.0,50.0,2719.978,28177.41,,False,False,False,False,Q3,Paliwa kopalne
Costa Rica,2022,CRI,5081715.0,80345899008.0,24.116,100.0,0.0,0.0,75.965,11.013,0.643,2306.308,9135.227,15810.784156136266,False,False,False,False,Q4: najwyższy,OZE
Cote d'Ivoire,2022,CIV,30394949.0,121472000000.0,413.164,27.359,72.641,0.0,26.566,0.0,0.159,389.867,2575.377,3996.453489690014,False,False,False,False,Q3,Paliwa kopalne
Croatia,2022,HRV,3906988.0,102284648448.0,244.681,63.475,36.525,0.0,38.723,15.177,1.064,4809.332,23846.328,26179.923882028816,False,False,False,False,Q4: najwyższy,OZE
Cuba,2022,CUB,11059772.0,84154974208.0,640.256,4.281,95.719,0.0,0.767,0.383,1.342,1415.038,7764.94,7609.105703806552,False,False,False,False,Q1: najniższy,Paliwa kopalne
Curacao,2022,CUW,185305.0,,,,,,,,,,,,False,False,False,False,,
Cyprus,2022,CYP,1331324.0,34255009792.0,555.133,16.73,83.27,0.0,0.0,4.183,11.407,3950.954,23791.674,25730.032502981994,False,False,False,False,Q2,Paliwa kopalne
Czechia,2022,CZE,10673169.0,342966829056.0,488.355,12.863,50.09,37.048,2.496,0.764,3.141,6577.24,42043.551,32133.551811650315,False,False,False,False,Q2,Paliwa kopalne
Democratic Republic of Congo,2022,COD,102396919.0,91314987008.0,27.397,100.0,0.0,0.0,86.04,0.0,13.764,162.7,363.371,891.7747516211889,False,False,False,False,Q4: najwyższy,OZE
Denmark,2022,DNK,5902846.0,299429003264.0,201.2,81.48,18.52,0.0,0.029,54.387,6.288,6158.046,32904.234,50726.20957145079,False,False,False,False,Q4: najwyższy,OZE
Djibouti,2022,DJI,1137052.0,3395681536.0,450.0,35.0,65.0,0.0,0.0,35.0,0.0,624.422,2925.861,2986.3907156400937,False,False,False,False,Q3,Paliwa kopalne
Dominica,2022,DMA,66801.0,675097984.0,600.0,13.333,86.667,0.0,13.333,0.0,0.0,2245.475,10778.108,10106.105956497657,False,False,False,False,Q2,Paliwa kopalne
Dominican Republic,2022,DOM,11230686.0,191182372864.0,580.063,18.448,81.552,0.0,6.631,5.277,5.593,1974.056,11799.538,17023.21415308023,False,False,False,False,Q2,Paliwa kopalne
East Timor,2022,TLS,1369250.0,,666.667,0.0,100.0,0.0,0.0,0.0,0.0,372.467,1917.72,,False,False,False,False,Q1: najniższy,Paliwa kopalne
Ecuador,2022,ECU,17823857.0,175028879360.0,181.186,76.013,23.987,0.0,74.531,0.181,0.121,1869.966,12495.517,9819.921656687438,False,False,False,False,Q4: najwyższy,OZE
Egypt,2022,EGY,112618191.0,1460427423744.0,574.731,11.162,88.838,0.0,6.133,2.543,2.487,1910.349,9857.584,12967.953141282476,False,False,False,False,Q2,Paliwa kopalne
El Salvador,2022,SLV,6280269.0,59270934528.0,112.952,90.813,9.187,0.0,34.036,2.108,18.675,1156.001,6867.656,9437.642643651092,False,False,False,False,Q4: najwyższy,OZE
Equatorial Guinea,2022,GNQ,1803496.0,20191379456.0,602.649,31.788,68.212,0.0,31.788,0.0,0.0,837.263,15719.362,11195.688516082098,False,False,False,False,Q3,Paliwa kopalne
Eritrea,2022,ERI,3409407.0,,590.909,11.364,88.636,0.0,0.0,0.0,11.364,129.055,864.755,,False,False,False,False,Q2,Paliwa kopalne
Estonia,2022,EST,1350038.0,39999856640.0,487.696,31.991,68.009,0.0,0.224,7.494,6.711,7370.163,46892.246,29628.689444297124,False,False,False,False,Q3,Paliwa kopalne
Eswatini,2022,SWZ,1218873.0,9594910720.0,127.273,96.364,3.636,0.0,54.545,0.0,5.455,1206.032,5134.889,7871.952795738358,False,False,False,False,Q4: najwyższy,OZE
Ethiopia,2022,ETH,125384244.0,269977223168.0,23.55,100.0,0.0,0.0,96.324,3.217,0.23,124.896,642.378,2153.198955109543,False,False,False,False,Q4: najwyższy,OZE
Falkland Islands,2022,FLK,3475.0,,1000.0,0.0,100.0,0.0,0.0,0.0,0.0,2877.698,45725.051,,False,False,False,False,Q1: najniższy,Paliwa kopalne
Faroe Islands,2022,FRO,53990.0,,354.167,45.833,54.167,0.0,27.083,18.75,0.0,8890.535,59143.629,,False,False,False,False,Q3,Paliwa kopalne
Fiji,2022,FJI,919378.0,,280.374,60.748,39.252,0.0,56.075,0.0,0.935,1163.83,6902.628,,False,False,False,False,Q3,OZE
Finland,2022,FIN,5569254.0,226154840064.0,129.832,53.568,11.32,35.112,18.692,16.655,0.54,15206.705,57499.898,40607.74388526722,False,True,False,False,Q3,OZE
France,2022,FRA,66277365.0,2671568748544.0,78.55,24.208,12.882,62.911,9.716,8.111,4.19,7294.043,34796.07,40308.91615175105,False,False,False,False,Q2,Energia jądrowa
French Guiana,2022,GUF,298280.0,,204.082,71.429,28.571,,61.224,,5.102,3285.504,0.0,,False,False,False,False,Q4: najwyższy,
French Polynesia,2022,PYF,280335.0,,436.62,33.803,66.197,0.0,26.761,0.0,7.042,2532.684,14731.585,,False,False,False,False,Q3,Paliwa kopalne
Gabon,2022,GAB,2430702.0,36035293184.0,429.467,47.962,52.038,0.0,47.649,0.0,0.0,1534.536,6504.233,14825.05596490232,False,False,False,False,Q3,Paliwa kopalne
Gambia,2022,GMB,2636423.0,4656793600.0,666.667,0.0,100.0,0.0,0.0,0.0,0.0,193.444,796.357,1766.3302133231275,False,False,False,False,Q1: najniższy,Paliwa kopalne
Georgia,2022,GEO,3794728.0,70528606208.0,167.018,76.211,23.789,0.0,75.579,0.632,0.0,3902.783,17845.482,18585.945081702826,False,False,False,False,Q4: najwyższy,OZE
Germany,2022,DEU,84086176.0,3909612732416.0,420.107,44.373,49.504,6.123,3.108,22.017,10.637,6417.464,41094.148,46495.30896036942,False,False,False,False,Q3,Paliwa kopalne
Ghana,2022,GHA,33149102.0,145431871488.0,469.423,36.047,63.953,0.0,35.271,0.0,0.689,635.01,3110.596,4387.203957681871,False,False,False,False,Q3,Paliwa kopalne
Gibraltar,2022,GIB,37590.0,,571.429,0.0,100.0,0.0,0.0,0.0,0.0,5586.592,,,False,False,False,False,Q1: najniższy,Paliwa kopalne
Greece,2022,GRC,10412428.0,263892680704.0,376.814,43.449,56.551,0.0,7.47,21.057,13.818,5293.674,30188.369,25344.010129433787,False,False,False,False,Q3,Paliwa kopalne
Greenland,2022,GRL,55969.0,,111.111,87.037,12.963,0.0,87.037,0.0,0.0,9648.198,47533.289,,False,False,False,False,Q4: najwyższy,OZE
Grenada,2022,GRD,116876.0,,666.667,0.0,100.0,0.0,0.0,0.0,0.0,2053.458,12414.35,,False,False,False,False,Q1: najniższy,Paliwa kopalne
Guadeloupe,2022,GLP,384653.0,,493.902,34.756,65.244,,0.61,6.707,6.707,4263.583,0.0,,False,False,False,False,Q3,
Guam,2022,GUM,165135.0,,611.111,7.778,92.222,0.0,0.0,0.0,7.778,10900.172,45187.922,,False,False,False,False,Q1: najniższy,Paliwa kopalne
Guatemala,2022,GTM,17847828.0,146224644096.0,191.395,84.644,15.356,0.0,52.226,2.3,1.706,776.565,5353.752,8192.853724049784,False,False,False,False,Q4: najwyższy,OZE
Guinea,2022,GIN,14055075.0,23678257152.0,185.0,74.5,25.5,0.0,73.75,0.0,0.75,284.595,1532.639,1684.676684542772,False,False,False,False,Q4: najwyższy,OZE
Guinea-Bissau,2022,GNB,2105479.0,3259313920.0,625.0,0.0,100.0,0.0,0.0,0.0,0.0,37.996,685.253,1548.0154017209386,False,False,False,False,Q1: najniższy,Paliwa kopalne
Guyana,2022,GUY,821588.0,,653.543,1.575,98.425,0.0,0.0,0.0,0.787,1545.787,13576.305,,False,False,False,False,Q1: najniższy,Paliwa kopalne
Haiti,2022,HTI,11503553.0,17550917632.0,534.654,18.812,81.188,0.0,18.812,0.0,0.0,87.799,1049.06,1525.695377071762,False,False,False,False,Q2,Paliwa kopalne
Honduras,2022,HND,10463826.0,49738256384.0,293.118,61.172,38.828,0.0,32.965,5.862,8.836,1142.985,5066.316,4753.352777846268,False,False,False,False,Q3,OZE
Hong Kong,2022,HKG,7465860.0,356690493440.0,682.271,0.914,99.086,0.0,0.0,0.0,0.499,6489.541,29120.459,47776.209765519314,False,False,False,False,Q1: najniższy,Paliwa kopalne
Hungary,2022,HUN,9684259.0,285385228288.0,228.899,21.409,34.405,44.187,0.503,1.705,13.22,4949.269,27575.367,29468.979329032816,False,False,False,False,Q2,Energia jądrowa
Iceland,2022,ISL,380322.0,16019539968.0,27.68,100.0,0.0,0.0,70.156,0.05,0.0,52245.203,167551.891,42120.99212772335,False,True,True,False,Q4: najwyższy,OZE
India,2022,IND,1425423157.0,10476248367104.0,702.81,20.703,76.772,2.525,9.563,3.829,5.202,1282.125,7057.187,7349.570768271165,False,False,False,False,Q2,Paliwa kopalne
Indonesia,2022,IDN,278830479.0,3500093472768.0,675.931,19.611,80.389,0.0,8.185,0.108,0.132,1199.08,9859.906,12552.7649822242,False,False,False,False,Q2,Paliwa kopalne
Iran,2022,IRN,89524192.0,1572209033216.0,655.171,4.351,93.86,1.79,3.814,0.341,0.188,4028.297,38985.211,17561.834383447997,False,False,False,False,Q1: najniższy,Paliwa kopalne
Iraq,2022,IRQ,44070510.0,527639314432.0,688.705,2.264,97.736,0.0,1.98,0.0,0.284,3117.504,15429.918,11972.616482813564,False,False,False,False,Q1: najniższy,Paliwa kopalne
Ireland,2022,IRL,5109966.0,308390920192.0,332.937,38.887,61.113,0.0,2.083,33.353,0.446,6626.267,36487.828,60350.875170598,False,False,False,False,Q3,Paliwa kopalne
Israel,2022,ISR,9103094.0,336722558976.0,595.859,7.798,92.202,0.0,0.027,0.43,7.193,7410.667,33816.852,36989.90244152153,False,False,False,False,Q2,Paliwa kopalne
Italy,2022,ITA,59619058.0,2136009342976.0,378.163,35.857,64.143,0.0,10.137,7.313,10.037,5420.415,29444.693,35827.62651124075,False,False,False,False,Q3,Paliwa kopalne
Jamaica,2022,JAM,2839098.0,20019224576.0,561.247,12.918,87.082,0.0,2.673,6.013,2.895,1581.488,11774.164,7051.262258646936,False,False,False,False,Q2,Paliwa kopalne
Japan,2022,JPN,124997534.0,4774494732288.0,519.619,20.488,74.537,4.975,7.195,0.905,8.752,8324.724,39974.961,38196.71140302656,False,False,False,False,Q2,Paliwa kopalne
Jordan,2022,JOR,11256215.0,99281829888.0,539.211,23.128,76.872,0.0,0.089,7.754,15.286,2011.333,9883.918,8820.178886774995,False,False,False,False,Q2,Paliwa kopalne
Kazakhstan,2022,KAZ,20034569.0,503634067456.0,831.556,11.706,88.294,0.0,8.109,2.036,1.56,5735.087,40893.457,25138.253159127107,False,False,False,False,Q2,Paliwa kopalne
Kenya,2022,KEN,54252404.0,190362157056.0,109.568,87.809,12.191,0.0,23.457,16.512,3.241,244.413,1609.948,3508.8243657552944,False,False,False,False,Q4: najwyższy,OZE
Kiribati,2022,KIR,130435.0,,500.0,25.0,75.0,0.0,0.0,0.0,25.0,306.666,2415.756,,False,False,False,False,Q2,Paliwa kopalne
Kuwait,2022,KWT,4589467.0,218961231872.0,636.886,2.228,97.772,0.0,0.0,2.017,0.211,18583.857,102112.367,47709.51220958774,False,True,True,False,Q1: najniższy,Paliwa kopalne
Kyrgyzstan,2022,KGZ,6955746.0,31703001088.0,146.889,86.107,13.893,0.0,86.107,0.0,0.0,2324.697,7569.619,4557.814659707241,False,False,False,False,Q4: najwyższy,OZE
Laos,2022,LAO,7558961.0,54953902080.0,237.265,76.136,23.864,0.0,75.901,0.0,0.157,1580.905,8552.465,7270.0338154939545,False,False,False,False,Q4: najwyższy,OZE
Latvia,2022,LVA,1881016.0,51248480256.0,135.189,75.944,24.056,0.0,54.672,3.777,1.59,3902.146,20474.74,27245.10597251698,False,False,False,False,Q4: najwyższy,OZE
Lebanon,2022,LBN,5744441.0,48741707776.0,379.863,45.538,54.462,0.0,15.789,0.229,28.833,760.735,12473.277,8485.021915274263,False,False,False,False,Q3,Paliwa kopalne
Lesotho,2022,LSO,2286067.0,4761723392.0,20.833,100.0,0.0,0.0,100.0,0.0,0.0,398.064,2108.522,2082.9325614691084,False,False,False,False,Q4: najwyższy,OZE
Liberia,2022,LBR,5373250.0,4231560960.0,435.897,33.333,66.667,0.0,33.333,0.0,0.0,72.582,531.166,787.5235583678407,False,False,False,False,Q3,Paliwa kopalne
Libya,2022,LBY,7223757.0,91444477952.0,830.533,0.028,99.972,0.0,0.0,0.0,0.028,4960.023,30359.932,12658.852997408412,False,False,False,False,Q1: najniższy,Paliwa kopalne
Lithuania,2022,LTU,2816872.0,84814258176.0,180.693,74.752,25.248,0.0,11.386,37.376,8.416,4476.597,23098.574,30109.375994365382,False,False,False,False,Q4: najwyższy,OZE
Luxembourg,2022,LUX,653267.0,36128358400.0,141.667,85.833,14.167,0.0,5.0,25.833,23.333,10271.451,59427.711,55304.12281655127,False,False,False,False,Q4: najwyższy,OZE
Macao,2022,MAC,704309.0,,448.98,40.816,59.184,0.0,0.0,0.0,0.0,7610.296,17664.275,,False,False,False,False,Q3,Paliwa kopalne
Madagascar,2022,MDG,30437216.0,38602186752.0,477.273,35.227,64.773,0.0,31.061,0.0,3.03,86.736,544.344,1268.2561621930206,False,False,False,False,Q3,Paliwa kopalne
Malawi,2022,MWI,20568683.0,26465351680.0,54.645,95.628,4.372,0.0,92.35,0.0,0.546,87.998,535.856,1286.6818784654322,False,False,False,False,Q4: najwyższy,OZE
Malaysia,2022,MYS,34695445.0,877584187392.0,604.041,19.474,80.526,0.0,17.307,0.0,1.498,5252.851,39068.781,25293.93087167494,False,False,False,False,Q2,Paliwa kopalne
Maldives,2022,MDV,524067.0,,611.765,7.059,92.941,0.0,0.0,0.0,7.059,1621.93,14144.717,,False,False,False,False,Q1: najniższy,Paliwa kopalne
Mali,2022,MLI,23072588.0,30551085056.0,391.705,42.857,57.143,0.0,37.788,0.0,3.456,199.804,1268.754,1324.1290944908303,False,False,False,False,Q3,Paliwa kopalne
Malta,2022,MLT,528148.0,18295134208.0,500.0,13.043,86.957,0.0,0.0,0.0,12.609,5566.622,71841.875,34640.16565053735,False,False,False,False,Q2,Paliwa kopalne
Martinique,2022,MTQ,349407.0,,516.779,26.174,73.826,,0.0,2.685,6.04,4264.368,0.0,,False,False,False,False,Q2,
Mauritania,2022,MRT,4875590.0,15674545152.0,481.707,27.439,72.561,0.0,12.805,6.098,8.537,414.309,4159.349,3214.9022276278356,False,False,False,False,Q3,Paliwa kopalne
Mauritius,2022,MUS,1276075.0,26988574720.0,615.385,19.551,80.449,0.0,4.167,0.641,5.128,2444.997,16851.289,21149.677503281546,False,False,False,False,Q2,Paliwa kopalne
Mexico,2022,MEX,128613066.0,2033437638656.0,472.586,24.439,72.371,3.19,10.454,6.036,5.98,2668.858,17858.705,15810.505898801915,False,False,False,False,Q2,Paliwa kopalne
Micronesia (country),2022,FSM,112081.0,,,,,,,,,,4198.635,,False,False,False,False,,
Moldova,2022,MDA,3039946.0,23827554304.0,647.28,9.568,90.432,0.0,5.441,2.627,0.938,2029.641,12262.0,7838.150514515718,False,False,False,False,Q2,Paliwa kopalne
Mongolia,2022,MNG,3385971.0,44809465856.0,781.935,9.806,90.194,0.0,0.774,6.581,2.452,2903.155,15471.505,13233.859904884006,False,False,False,False,Q2,Paliwa kopalne
Montenegro,2022,MNE,614603.0,12774400000.0,483.384,53.172,46.828,0.0,43.505,9.668,0.0,5174.072,18507.721,20784.79929320228,False,False,False,False,Q3,OZE
Montserrat,2022,MSR,4428.0,,1000.0,0.0,100.0,0.0,0.0,0.0,0.0,2258.356,24742.551,,False,False,False,False,Q1: najniższy,Paliwa kopalne
Morocco,2022,MAR,37329012.0,311654973440.0,662.642,18.184,81.816,0.0,1.642,12.944,3.502,1146.829,7146.288,8348.867455693711,False,False,False,False,Q2,Paliwa kopalne
Mozambique,2022,MOZ,32656190.0,31441725440.0,127.812,83.691,16.309,0.0,82.669,0.0,0.358,501.283,1720.954,962.8105862931346,False,False,False,False,Q4: najwyższy,OZE
Myanmar,2022,MMR,53756739.0,291025092608.0,563.871,40.86,59.14,0.0,39.011,0.0,0.688,428.783,2488.873,5413.741570298749,False,False,False,False,Q3,Paliwa kopalne
Namibia,2022,NAM,2889626.0,21858732032.0,45.455,98.485,1.515,0.0,59.091,1.515,37.879,1408.487,6222.165,7564.554039865367,False,False,False,False,Q4: najwyższy,OZE
Nauru,2022,NRU,11783.0,,750.0,0.0,100.0,0.0,0.0,0.0,0.0,3394.721,27893.15,,False,False,False,False,Q1: najniższy,Paliwa kopalne
Nepal,2022,NPL,29715383.0,95965913088.0,23.364,100.0,0.0,0.0,98.972,0.093,0.935,376.573,1873.667,3229.502816369555,False,False,False,False,Q4: najwyższy,OZE
Netherlands,2022,NLD,17904367.0,879609118720.0,326.071,40.012,56.516,3.473,0.042,17.865,13.908,6452.057,53288.551,49128.18859890439,False,False,False,False,Q3,Paliwa kopalne
Netherlands Antilles,2022,ANT,,,,,,,,,,,,,False,False,False,False,,
New Caledonia,2022,NCL,287095.0,,585.76,26.214,73.786,0.0,17.476,1.294,7.443,10762.987,63135.742,,False,False,False,False,Q2,Paliwa kopalne
New Zealand,2022,NZL,5131680.0,200602763264.0,112.837,85.884,14.116,0.0,59.068,6.601,0.64,8531.319,45347.652,39091.05074049824,False,False,False,False,Q4: najwyższy,OZE
Nicaragua,2022,NIC,6730618.0,32764782592.0,289.352,64.12,35.88,0.0,13.889,12.963,0.694,799.332,3190.333,4868.019933979316,False,False,False,False,Q4: najwyższy,OZE
Niger,2022,NER,25311922.0,24776755200.0,696.203,2.532,97.468,0.0,0.0,0.0,2.532,77.039,532.967,978.8571251128224,False,False,False,False,Q1: najniższy,Paliwa kopalne
Nigeria,2022,NGA,223150851.0,1134448607232.0,497.368,24.711,75.289,0.0,24.289,0.0,0.263,170.288,2319.897,5083.774505668365,False,False,False,False,Q2,Paliwa kopalne
Niue,2022,NIU,1812.0,,,,,,,,,0.0,18908.908,,False,False,False,False,,
North Korea,2022,PRK,26328793.0,40488849408.0,344.256,63.089,36.911,0.0,62.524,0.0,0.565,1008.402,6909.181,1537.8163901398746,False,False,False,False,Q4: najwyższy,OZE
North Macedonia,2022,MKD,1840196.0,28770254848.0,624.579,27.104,72.896,0.0,22.727,1.852,1.684,3994.14,16701.576,15634.342672193614,False,False,False,False,Q3,Paliwa kopalne
Northern Mariana Islands,2022,MNP,46050.0,,,,,,,,,,0.0,,False,False,False,False,,
Norway,2022,NOR,5456753.0,482328444928.0,29.638,98.645,1.355,0.0,88.186,10.177,0.117,24355.143,97781.133,88391.10821545341,False,True,True,True,Q4: najwyższy,OZE
Oman,2022,OMN,4730179.0,177355014144.0,547.371,3.785,96.215,0.0,0.0,0.272,3.513,9327.343,89755.781,37494.35574087154,False,False,True,False,Q1: najniższy,Paliwa kopalne
Pakistan,2022,PAK,243700616.0,1318834929664.0,436.584,28.217,59.032,12.752,19.792,3.629,3.703,718.833,4017.64,5411.701255872082,False,False,False,False,Q3,Paliwa kopalne
Palestine,2022,PSE,5305230.0,24076503040.0,460.784,33.333,66.667,0.0,0.0,0.0,33.333,1455.168,4379.533,4538.258103795689,False,False,False,False,Q3,Paliwa kopalne
Panama,2022,PAN,4400715.0,94762123264.0,168.98,77.224,22.776,0.0,66.286,4.735,5.714,2710.923,23285.383,21533.34702747167,False,False,False,False,Q4: najwyższy,OZE
Papua New Guinea,2022,PNG,10203130.0,,529.412,21.133,78.867,0.0,18.519,0.0,0.218,449.862,2572.082,,False,False,False,False,Q2,Paliwa kopalne
Paraguay,2022,PRY,6760399.0,65127632896.0,24.711,100.0,0.0,0.0,99.456,0.0,0.0,2982.073,7732.729,9633.696605185582,False,False,False,False,Q4: najwyższy,OZE
Peru,2022,PER,33475381.0,341677637632.0,287.813,55.242,44.758,0.0,49.633,3.222,1.402,1790.57,10099.042,10206.833422807047,False,False,False,False,Q3,OZE
Philippines,2022,PHL,113964291.0,1014811000832.0,602.672,22.14,77.86,0.0,9.048,0.924,1.632,978.552,5010.159,8904.640145850599,False,False,False,False,Q2,Paliwa kopalne
Poland,2022,POL,38385689.0,1231021277184.0,732.979,21.103,78.897,0.0,1.103,11.075,4.653,4609.009,30919.549,32069.797605664964,False,False,False,False,Q2,Paliwa kopalne
Portugal,2022,PRT,10417030.0,295712915456.0,225.34,59.594,40.406,0.0,14.116,28.599,7.598,5335.494,25206.77,28387.449729529435,False,False,False,False,Q3,OZE
Puerto Rico,2022,PRI,3240923.0,113895186432.0,660.804,5.377,94.623,0.0,0.251,0.804,4.271,6140.226,22552.773,35142.82395231235,False,False,False,False,Q1: najniższy,Paliwa kopalne
Qatar,2022,QAT,2892419.0,381778100224.0,602.732,0.258,99.742,0.0,0.0,0.0,0.018,18728.268,195339.516,131992.66780642778,False,True,True,True,Q1: najniższy,Paliwa kopalne
Reunion,2022,REU,871486.0,,525.223,34.125,65.875,,18.694,0.0,8.012,3866.958,0.0,,False,False,False,False,Q3,
Romania,2022,ROU,19166726.0,504741658624.0,297.771,43.149,36.591,20.259,25.539,12.788,3.635,2919.643,18791.197,26334.26588474213,False,False,False,False,Q3,OZE
Russia,2022,RUS,145579843.0,3731440795648.0,438.42,17.577,63.253,19.17,16.939,0.36,0.206,7903.155,59257.926,25631.57590194681,False,False,False,False,Q2,Paliwa kopalne
Rwanda,2022,RWA,13650972.0,28466253824.0,288.462,57.692,42.308,0.0,53.846,0.0,3.846,77.65,497.916,2085.2913495097637,False,False,False,False,Q3,OZE
Saint Helena,2022,SHN,5330.0,,1000.0,0.0,100.0,0.0,0.0,0.0,0.0,1876.173,9493.743,,False,False,False,False,Q1: najniższy,Paliwa kopalne
Saint Kitts and Nevis,2022,KNA,46695.0,,636.364,4.545,95.455,0.0,0.0,4.545,0.0,4711.425,24257.703,,False,False,False,False,Q1: najniższy,Paliwa kopalne
Saint Lucia,2022,LCA,178747.0,1749086208.0,650.0,2.5,97.5,0.0,0.0,0.0,2.5,2237.8,14175.921,9785.261895304537,False,False,False,False,Q1: najniższy,Paliwa kopalne
Saint Pierre and Miquelon,2022,SPM,5724.0,,600.0,0.0,100.0,0.0,0.0,0.0,0.0,8735.15,43303.25,,False,False,False,False,Q1: najniższy,Paliwa kopalne
Saint Vincent and the Grenadines,2022,VCT,102012.0,,600.0,13.333,86.667,0.0,13.333,0.0,0.0,1470.415,10517.701,,False,False,False,False,Q2,Paliwa kopalne
Samoa,2022,WSM,215224.0,,375.0,43.75,56.25,0.0,25.0,0.0,12.5,743.411,6615.979,,False,False,False,False,Q3,Paliwa kopalne
Sao Tome and Principe,2022,STP,226265.0,825238400.0,555.556,11.111,88.889,0.0,11.111,0.0,0.0,397.764,2571.747,3647.220736746735,False,False,False,False,Q2,Paliwa kopalne
Saudi Arabia,2022,SAU,32175301.0,1823886278656.0,700.12,0.568,99.432,0.0,0.0,0.361,0.207,12469.813,97902.852,56685.91192529947,False,False,True,False,Q1: najniższy,Paliwa kopalne
Senegal,2022,SEN,17651046.0,51913994240.0,526.667,23.333,76.667,0.0,4.133,9.867,7.867,452.664,2558.057,2941.1284883626727,False,False,False,False,Q2,Paliwa kopalne
Serbia,2022,SRB,6791172.0,116834639872.0,710.677,28.186,71.814,0.0,24.684,2.727,0.057,5535.127,26257.277,17203.899396451747,False,False,False,False,Q3,Paliwa kopalne
Seychelles,2022,SYC,125480.0,3053368064.0,564.516,14.516,85.484,0.0,0.0,1.613,12.903,4941.026,28741.242,24333.503857188396,False,False,False,False,Q2,Paliwa kopalne
Sierra Leone,2022,SLE,8276759.0,11681270784.0,50.0,95.0,5.0,0.0,90.0,0.0,5.0,24.164,669.462,1411.3339272050812,False,False,False,False,Q4: najwyższy,OZE
Singapore,2022,SGP,5649833.0,461801127936.0,504.216,4.093,95.907,0.0,0.0,0.0,1.177,10106.493,158523.266,81737.12885602105,False,False,True,True,Q1: najniższy,Paliwa kopalne
Slovakia,2022,SVK,5473145.0,150360424448.0,142.05,21.929,18.086,59.985,13.866,0.0,2.449,5106.753,32868.281,27472.3992234812,False,False,False,False,Q2,Energia jądrowa
Slovenia,2022,SVN,2115184.0,69385347072.0,257.485,30.464,27.545,41.991,23.578,0.075,4.865,7001.755,33378.539,32803.456849144095,False,False,False,False,Q3,Energia jądrowa
Solomon Islands,2022,SLB,781026.0,,636.364,9.091,90.909,0.0,0.0,0.0,9.091,140.84,1602.152,,False,False,False,False,Q2,Paliwa kopalne
Somalia,2022,SOM,17801848.0,,523.81,19.048,80.952,0.0,0.0,2.381,16.667,23.593,190.723,,False,False,False,False,Q2,Paliwa kopalne
South Africa,2022,ZAF,62378377.0,723559317504.0,729.725,9.777,85.992,4.231,1.299,4.063,4.243,3802.76,21580.703,11599.521377479892,False,False,False,False,Q2,Paliwa kopalne
South Korea,2022,KOR,51782473.0,2137558614016.0,438.184,8.884,62.93,28.186,0.567,0.54,4.92,12061.996,69899.516,41279.57762882433,False,False,False,False,Q2,Paliwa kopalne
South Sudan,2022,SSD,11021133.0,,611.111,7.407,92.593,0.0,0.0,0.0,7.407,48.997,620.751,,False,False,False,False,Q1: najniższy,Paliwa kopalne
Spain,2022,ESP,47828339.0,1625139970048.0,217.134,42.803,36.793,20.404,6.126,21.863,12.439,5589.782,33289.168,33978.599383265224,False,False,False,False,Q3,OZE
Sri Lanka,2022,LKA,22834913.0,254748606464.0,509.781,37.054,62.946,0.0,29.402,2.474,3.913,761.115,4265.706,11156.10146900932,False,False,False,False,Q3,Paliwa kopalne
Sudan,2022,SDN,49383296.0,,204.41,71.752,28.248,0.0,70.322,0.0,0.775,357.611,1790.402,,False,False,False,False,Q4: najwyższy,OZE
Suriname,2022,SUR,623128.0,,374.408,44.55,55.45,0.0,43.602,0.0,0.474,3386.142,18311.281,,False,False,False,False,Q3,Paliwa kopalne
Sweden,2022,SWE,10487289.0,494214545408.0,41.029,68.321,1.664,30.014,40.376,19.214,1.144,13333.284,59279.469,47125.100243542445,False,True,False,False,Q4: najwyższy,OZE
Switzerland,2022,CHE,8792128.0,559384952832.0,37.259,58.302,2.576,39.122,48.437,0.243,6.253,7378.191,33835.406,63623.38592340785,False,False,False,True,Q3,OZE
Syria,2022,SYR,22462118.0,52353138688.0,682.271,4.382,95.618,0.0,3.735,0.0,0.498,877.923,4111.729,2330.7302850069614,False,False,False,False,Q1: najniższy,Paliwa kopalne
Taiwan,2022,TWN,23420051.0,1247874383872.0,639.266,7.662,84.097,8.241,2.026,1.242,3.706,12305.268,56226.074,53282.30855996001,False,False,False,False,Q1: najniższy,Paliwa kopalne
Tajikistan,2022,TJK,10182185.0,50544009216.0,86.552,92.694,7.306,0.0,92.694,0.0,0.0,1860.112,4824.733,4963.964926585011,False,False,False,False,Q4: najwyższy,OZE
Tanzania,2022,TZA,64711777.0,198220414976.0,349.272,30.353,69.647,0.0,29.314,0.0,0.312,150.977,1187.172,3063.127365147151,False,False,False,False,Q3,Paliwa kopalne
Thailand,2022,THA,71735273.0,1124143726592.0,561.124,15.79,84.21,0.0,3.659,1.658,2.789,2980.124,19347.252,15670.724869089157,False,False,False,False,Q2,Paliwa kopalne
Togo,2022,TGO,9089693.0,14265659392.0,477.778,20.0,80.0,0.0,8.889,0.0,11.111,223.33,1295.541,1569.432476102328,False,False,False,False,Q2,Paliwa kopalne
Tonga,2022,TON,105012.0,,625.0,12.5,87.5,0.0,0.0,0.0,12.5,761.818,6420.222,,False,False,False,False,Q2,Paliwa kopalne
Trinidad and Tobago,2022,TTO,1495868.0,37513383936.0,682.105,0.105,99.895,0.0,0.0,0.0,0.105,6350.828,115689.68,25078.004166143,False,False,True,False,Q1: najniższy,Paliwa kopalne
Tunisia,2022,TUN,12119284.0,129457963008.0,565.624,3.036,96.964,0.0,0.047,1.495,1.495,1978.665,10087.236,10681.981130898492,False,False,False,False,Q1: najniższy,Paliwa kopalne
Turkey,2022,TUR,87058421.0,2385996414976.0,487.896,41.911,58.089,0.0,20.795,10.822,4.729,3713.483,22617.568,27406.84229703638,False,False,False,False,Q3,Paliwa kopalne
Turkmenistan,2022,TKM,7230147.0,97502945280.0,1306.135,0.031,99.969,0.0,0.031,0.0,0.0,3264.111,65250.508,13485.610358959506,True,False,False,False,Q1: najniższy,Paliwa kopalne
Turks and Caicos Islands,2022,TCA,45824.0,,653.846,0.0,100.0,0.0,0.0,0.0,0.0,5673.882,41191.57,,False,False,False,False,Q1: najniższy,Paliwa kopalne
Tuvalu,2022,TUV,9968.0,,,,,,,,,,0.0,,False,False,False,False,,
Uganda,2022,UGA,47312665.0,101995421696.0,57.391,97.391,2.609,0.0,86.609,0.0,2.609,112.866,663.203,2155.7741821560885,False,False,False,False,Q4: najwyższy,OZE
Ukraine,2022,UKR,41048717.0,309166669824.0,256.21,16.528,28.407,55.066,9.847,1.375,4.613,2748.442,15074.302,7531.701169222902,False,False,False,False,Q2,Energia jądrowa
United Arab Emirates,2022,ARE,10242033.0,779701518336.0,556.846,5.055,81.834,13.111,0.0,0.0,5.049,14957.968,132097.562,76127.6123925787,False,True,True,True,Q1: najniższy,Paliwa kopalne
United Kingdom,2022,GBR,68179267.0,2615230595072.0,250.768,41.978,43.216,14.807,1.75,24.99,4.121,4664.028,29480.279,38358.150654098405,False,False,False,False,Q3,Paliwa kopalne
United States,2022,USA,341533996.0,19493170446336.0,410.367,22.35,59.652,17.998,5.803,10.131,4.784,12672.531,77627.734,57075.34440095972,False,False,True,False,Q2,Paliwa kopalne
United States Virgin Islands,2022,VIR,86487.0,,632.353,2.941,97.059,0.0,0.0,0.0,2.941,7862.454,107303.492,,False,False,True,False,Q1: najniższy,Paliwa kopalne
Uruguay,2022,URY,3390863.0,69066227712.0,110.363,90.781,9.219,0.0,38.291,32.167,3.365,3981.287,13986.383,20368.33328624601,False,False,False,False,Q4: najwyższy,OZE
Uzbekistan,2022,UZB,34938911.0,393572450304.0,1121.353,9.218,90.782,0.0,8.632,0.0,0.586,2215.295,16958.797,11264.588364073512,False,False,False,False,Q2,Paliwa kopalne
Vanuatu,2022,VUT,313014.0,,500.0,25.0,75.0,0.0,12.5,0.0,12.5,255.58,3667.164,,False,False,False,False,Q2,Paliwa kopalne
Venezuela,2022,VEN,28212961.0,149682061312.0,180.427,78.363,21.637,0.0,78.327,0.024,0.012,2919.226,22898.947,5305.4360835078605,False,False,False,False,Q4: najwyższy,OZE
Vietnam,2022,VNM,99680606.0,833803845632.0,415.488,49.462,50.538,0.0,36.177,3.429,9.713,2682.869,12976.394,8364.75498184672,False,False,False,False,Q3,Paliwa kopalne
Western Sahara,2022,ESH,568702.0,,,,,,,,,,1987.936,,False,False,False,False,,
Yemen,2022,YEM,38222833.0,60852994048.0,584.158,16.832,83.168,0.0,0.0,0.0,16.832,79.272,893.956,1592.0587060618975,False,False,False,False,Q2,Paliwa kopalne
Zambia,2022,ZMB,20152890.0,68469604352.0,111.967,88.906,11.094,0.0,87.776,0.0,0.719,815.268,1986.806,3397.5079679390897,False,False,False,False,Q4: najwyższy,OZE
Zimbabwe,2022,ZWE,16069010.0,25901586432.0,297.539,67.338,32.662,0.0,65.772,0.0,0.336,675.213,3633.079,1611.8968394443716,False,False,False,False,Q4: najwyższy,OZE
